z0005757_Mnov_GTseek_022_134_PLT_2.fastq.sam,z0005757,NA
z0005758_Mnov_GTseek_022_002_PLT_2.fastq.sam,z0005758,NA
z0007446_Mnov_GTseek_029_159_PLT_9.fastq.sam,z0007446,NA
z0009880_Mnov_GTseek_029_163_PLT_9.fastq.sam,z0009880,NA
z0011162_Mnov_GTseek_028_133_PLT_8.fastq.sam,z0011162,NA
z0011944_Mnov_GTseek_022_136_PLT_2.fastq.sam,z0011944,NA
z0012201_Mnov_GTseek_028_139_PLT_8.fastq.sam,z0012201,NA
z0012201_Mnov_GTseek_028_159_PLT_8.fastq.sam,z0012201,NA
z0012701_Mnov_GTseek_029_155_PLT_9.fastq.sam,z0012701,NA
z0016577_Mnov_GTseek_022_004_PLT_2.fastq.sam,z0016577,NA
z0016578_Mnov_GTseek_022_006_PLT_2.fastq.sam,z0016578,NA
z0016579_Mnov_GTseek_022_138_PLT_2.fastq.sam,z0016579,NA
z0017317_Mnov_GTseek_028_129_PLT_8.fastq.sam,z0017317,NA
z0025405_Mnov_GTseek_029_041_PLT_9.fastq.sam,z0025405,NA
z0025439_Mnov_GTseek_028_131_PLT_8.fastq.sam,z0025439,NA
z0025439_Mnov_GTseek_028_157_PLT_8.fastq.sam,z0025439,NA
z0029828_Mnov_GTseek_026_035_PLT_6.fastq.sam,z0029828,NA
z0029829_Mnov_GTseek_022_008_PLT_2.fastq.sam,z0029829,NA
z0029831_Mnov_GTseek_022_010_PLT_2.fastq.sam,z0029831,NA
z0029833_Mnov_GTseek_022_140_PLT_2.fastq.sam,z0029833,NA
z0029833_Mnov_GTseek_022_188_PLT_2.fastq.sam,z0029833,NA
z0029846_Mnov_GTseek_026_037_PLT_6.fastq.sam,z0029846,NA
z0029860_Mnov_GTseek_022_012_PLT_2.fastq.sam,z0029860,NA
z0029861_Mnov_GTseek_022_014_PLT_2.fastq.sam,z0029861,NA
z0029861_Mnov_GTseek_022_172_PLT_2.fastq.sam,z0029861,NA
z0029863_Mnov_GTseek_022_016_PLT_2.fastq.sam,z0029863,NA
z0029864_Mnov_GTseek_026_039_PLT_6.fastq.sam,z0029864,NA
z0029865_Mnov_GTseek_022_018_PLT_2.fastq.sam,z0029865,NA
z0029866_Mnov_GTseek_022_020_PLT_2.fastq.sam,z0029866,NA
z0029866_Mnov_GTseek_022_174_PLT_2.fastq.sam,z0029866,NA
z0029867_Mnov_GTseek_022_022_PLT_2.fastq.sam,z0029867,NA
z0030424_Mnov_GTseek_029_165_PLT_9.fastq.sam,z0030424,NA
z0030424_Mnov_GTseek_029_191_PLT_9.fastq.sam,z0030424,NA
z0030475_Mnov_GTseek_028_121_PLT_8.fastq.sam,z0030475,NA
z0032258_Mnov_GTseek_029_167_PLT_9.fastq.sam,z0032258,NA
z0037607_Mnov_GTseek_022_142_PLT_2.fastq.sam,z0037607,NA
z0037609_Mnov_GTseek_022_024_PLT_2.fastq.sam,z0037609,NA
z0037610_Mnov_GTseek_022_026_PLT_2.fastq.sam,z0037610,NA
z0037611_Mnov_GTseek_022_028_PLT_2.fastq.sam,z0037611,NA
z0037624_Mnov_GTseek_022_030_PLT_2.fastq.sam,z0037624,NA
z0040275_Mnov_GTseek_026_041_PLT_6.fastq.sam,z0040275,NA
z0040287_Mnov_GTseek_026_043_PLT_6.fastq.sam,z0040287,NA
z0040308_Mnov_GTseek_029_001_PLT_9.fastq.sam,z0040308,NA
z0040337_Mnov_GTseek_029_157_PLT_9.fastq.sam,z0040337,NA
z0040357_Mnov_GTseek_026_045_PLT_6.fastq.sam,z0040357,NA
z0040377_Mnov_GTseek_029_003_PLT_9.fastq.sam,z0040377,NA
z0040387_Mnov_GTseek_029_005_PLT_9.fastq.sam,z0040387,NA
z0040403_Mnov_GTseek_026_047_PLT_6.fastq.sam,z0040403,NA
z0040403_Mnov_GTseek_026_175_PLT_6.fastq.sam,z0040403,NA
z0040413_Mnov_GTseek_026_049_PLT_6.fastq.sam,z0040413,NA
z0040451_Mnov_GTseek_029_007_PLT_9.fastq.sam,z0040451,NA
z0040465_Mnov_GTseek_026_051_PLT_6.fastq.sam,z0040465,NA
z0040513_Mnov_GTseek_026_053_PLT_6.fastq.sam,z0040513,NA
z0040957_Mnov_GTseek_026_055_PLT_6.fastq.sam,z0040957,NA
z0040960_Mnov_GTseek_029_009_PLT_9.fastq.sam,z0040960,NA
z0040961_Mnov_GTseek_026_057_PLT_6.fastq.sam,z0040961,NA
z0041026_Mnov_GTseek_029_011_PLT_9.fastq.sam,z0041026,NA
z0041026_Mnov_GTseek_029_171_PLT_9.fastq.sam,z0041026,NA
z0041072_Mnov_GTseek_026_059_PLT_6.fastq.sam,z0041072,NA
z0041115_Mnov_GTseek_029_013_PLT_9.fastq.sam,z0041115,NA
z0041145_Mnov_GTseek_026_061_PLT_6.fastq.sam,z0041145,NA
z0041145_Mnov_GTseek_026_177_PLT_6.fastq.sam,z0041145,NA
z0041153_Mnov_GTseek_026_063_PLT_6.fastq.sam,z0041153,NA
z0041174_Mnov_GTseek_029_015_PLT_9.fastq.sam,z0041174,NA
z0041233_Mnov_GTseek_026_065_PLT_6.fastq.sam,z0041233,NA
z0041243_Mnov_GTseek_026_067_PLT_6.fastq.sam,z0041243,NA
z0041248_Mnov_GTseek_026_069_PLT_6.fastq.sam,z0041248,NA
z0041250_Mnov_GTseek_026_071_PLT_6.fastq.sam,z0041250,NA
z0041250_Mnov_GTseek_026_179_PLT_6.fastq.sam,z0041250,NA
z0041274_Mnov_GTseek_029_017_PLT_9.fastq.sam,z0041274,NA
z0041274_Mnov_GTseek_029_173_PLT_9.fastq.sam,z0041274,NA
z0041465_Mnov_GTseek_026_073_PLT_6.fastq.sam,z0041465,NA
z0041472_Mnov_GTseek_026_075_PLT_6.fastq.sam,z0041472,NA
z0041480_Mnov_GTseek_026_077_PLT_6.fastq.sam,z0041480,NA
z0041483_Mnov_GTseek_026_079_PLT_6.fastq.sam,z0041483,NA
z0041494_Mnov_GTseek_026_081_PLT_6.fastq.sam,z0041494,NA
z0041494_Mnov_GTseek_026_181_PLT_6.fastq.sam,z0041494,NA
z0041498_Mnov_GTseek_026_083_PLT_6.fastq.sam,z0041498,NA
z0041501_Mnov_GTseek_026_085_PLT_6.fastq.sam,z0041501,NA
z0041507_Mnov_GTseek_026_087_PLT_6.fastq.sam,z0041507,NA
z0041512_Mnov_GTseek_026_089_PLT_6.fastq.sam,z0041512,NA
z0041514_Mnov_GTseek_026_091_PLT_6.fastq.sam,z0041514,NA
z0041519_Mnov_GTseek_026_093_PLT_6.fastq.sam,z0041519,NA
z0041521_Mnov_GTseek_026_095_PLT_6.fastq.sam,z0041521,NA
z0041522_Mnov_GTseek_026_097_PLT_6.fastq.sam,z0041522,NA
z0041526_Mnov_GTseek_026_099_PLT_6.fastq.sam,z0041526,NA
z0041527_Mnov_GTseek_026_101_PLT_6.fastq.sam,z0041527,NA
z0042288_Mnov_GTseek_028_135_PLT_8.fastq.sam,z0042288,NA
z0043243_Mnov_GTseek_026_103_PLT_6.fastq.sam,z0043243,NA
z0043267_Mnov_GTseek_026_105_PLT_6.fastq.sam,z0043267,NA
z0043278_Mnov_GTseek_026_107_PLT_6.fastq.sam,z0043278,NA
z0043464_Mnov_GTseek_026_109_PLT_6.fastq.sam,z0043464,NA
z0043468_Mnov_GTseek_026_111_PLT_6.fastq.sam,z0043468,NA
z0043475_Mnov_GTseek_026_113_PLT_6.fastq.sam,z0043475,NA
z0043477_Mnov_GTseek_026_115_PLT_6.fastq.sam,z0043477,NA
z0043477_Mnov_GTseek_026_183_PLT_6.fastq.sam,z0043477,NA
z0043478_Mnov_GTseek_026_117_PLT_6.fastq.sam,z0043478,NA
z0043481_Mnov_GTseek_026_119_PLT_6.fastq.sam,z0043481,NA
z0043487_Mnov_GTseek_026_121_PLT_6.fastq.sam,z0043487,NA
z0043488_Mnov_GTseek_026_123_PLT_6.fastq.sam,z0043488,NA
z0043489_Mnov_GTseek_026_125_PLT_6.fastq.sam,z0043489,NA
z0043491_Mnov_GTseek_026_127_PLT_6.fastq.sam,z0043491,NA
z0043491_Mnov_GTseek_026_185_PLT_6.fastq.sam,z0043491,NA
z0043493_Mnov_GTseek_026_129_PLT_6.fastq.sam,z0043493,NA
z0043494_Mnov_GTseek_026_131_PLT_6.fastq.sam,z0043494,NA
z0043498_Mnov_GTseek_026_133_PLT_6.fastq.sam,z0043498,NA
z0043504_Mnov_GTseek_026_135_PLT_6.fastq.sam,z0043504,NA
z0043504_Mnov_GTseek_026_187_PLT_6.fastq.sam,z0043504,NA
z0043513_Mnov_GTseek_026_137_PLT_6.fastq.sam,z0043513,NA
z0043526_Mnov_GTseek_026_139_PLT_6.fastq.sam,z0043526,NA
z0043566_Mnov_GTseek_026_141_PLT_6.fastq.sam,z0043566,NA
z0043572_Mnov_GTseek_026_143_PLT_6.fastq.sam,z0043572,NA
z0043599_Mnov_GTseek_026_145_PLT_6.fastq.sam,z0043599,NA
z0043627_Mnov_GTseek_029_019_PLT_9.fastq.sam,z0043627,NA
z0043631_Mnov_GTseek_026_147_PLT_6.fastq.sam,z0043631,NA
z0043640_Mnov_GTseek_026_149_PLT_6.fastq.sam,z0043640,NA
z0043642_Mnov_GTseek_026_151_PLT_6.fastq.sam,z0043642,NA
z0043642_Mnov_GTseek_026_189_PLT_6.fastq.sam,z0043642,NA
z0043649_Mnov_GTseek_026_153_PLT_6.fastq.sam,z0043649,NA
z0043650_Mnov_GTseek_026_155_PLT_6.fastq.sam,z0043650,NA
z0043652_Mnov_GTseek_026_157_PLT_6.fastq.sam,z0043652,NA
z0043666_Mnov_GTseek_026_159_PLT_6.fastq.sam,z0043666,NA
z0043668_Mnov_GTseek_026_161_PLT_6.fastq.sam,z0043668,NA
z0043674_Mnov_GTseek_026_163_PLT_6.fastq.sam,z0043674,NA
z0043678_Mnov_GTseek_029_021_PLT_9.fastq.sam,z0043678,NA
z0043684_Mnov_GTseek_026_165_PLT_6.fastq.sam,z0043684,NA
z0043686_Mnov_GTseek_026_167_PLT_6.fastq.sam,z0043686,NA
z0043686_Mnov_GTseek_026_191_PLT_6.fastq.sam,z0043686,NA
z0043693_Mnov_GTseek_026_169_PLT_6.fastq.sam,z0043693,NA
z0043704_Mnov_GTseek_027_001_PLT_7.fastq.sam,z0043704,NA
z0043704_Mnov_GTseek_027_171_PLT_7.fastq.sam,z0043704,NA
z0043716_Mnov_GTseek_027_003_PLT_7.fastq.sam,z0043716,NA
z0043724_Mnov_GTseek_027_005_PLT_7.fastq.sam,z0043724,NA
z0043747_Mnov_GTseek_027_007_PLT_7.fastq.sam,z0043747,NA
z0043789_Mnov_GTseek_027_009_PLT_7.fastq.sam,z0043789,NA
z0043807_Mnov_GTseek_027_011_PLT_7.fastq.sam,z0043807,NA
z0043819_Mnov_GTseek_027_013_PLT_7.fastq.sam,z0043819,NA
z0043839_Mnov_GTseek_027_015_PLT_7.fastq.sam,z0043839,NA
z0043876_Mnov_GTseek_027_017_PLT_7.fastq.sam,z0043876,NA
z0043877_Mnov_GTseek_027_019_PLT_7.fastq.sam,z0043877,NA
z0043891_Mnov_GTseek_027_021_PLT_7.fastq.sam,z0043891,NA
z0043898_Mnov_GTseek_027_023_PLT_7.fastq.sam,z0043898,NA
z0043904_Mnov_GTseek_027_025_PLT_7.fastq.sam,z0043904,NA
z0043905_Mnov_GTseek_027_027_PLT_7.fastq.sam,z0043905,NA
z0043915_Mnov_GTseek_027_029_PLT_7.fastq.sam,z0043915,NA
z0043934_Mnov_GTseek_027_031_PLT_7.fastq.sam,z0043934,NA
z0043940_Mnov_GTseek_027_033_PLT_7.fastq.sam,z0043940,NA
z0043940_Mnov_GTseek_027_173_PLT_7.fastq.sam,z0043940,NA
z0043954_Mnov_GTseek_027_035_PLT_7.fastq.sam,z0043954,NA
z0043979_Mnov_GTseek_027_037_PLT_7.fastq.sam,z0043979,NA
z0043980_Mnov_GTseek_027_039_PLT_7.fastq.sam,z0043980,NA
z0043980_Mnov_GTseek_027_175_PLT_7.fastq.sam,z0043980,NA
z0043994_Mnov_GTseek_027_041_PLT_7.fastq.sam,z0043994,NA
z0044017_Mnov_GTseek_027_043_PLT_7.fastq.sam,z0044017,NA
z0044019_Mnov_GTseek_027_045_PLT_7.fastq.sam,z0044019,NA
z0044023_Mnov_GTseek_027_047_PLT_7.fastq.sam,z0044023,NA
z0044033_Mnov_GTseek_027_049_PLT_7.fastq.sam,z0044033,NA
z0044042_Mnov_GTseek_027_051_PLT_7.fastq.sam,z0044042,NA
z0044042_Mnov_GTseek_027_177_PLT_7.fastq.sam,z0044042,NA
z0044044_Mnov_GTseek_027_053_PLT_7.fastq.sam,z0044044,NA
z0044047_Mnov_GTseek_027_055_PLT_7.fastq.sam,z0044047,NA
z0044056_Mnov_GTseek_027_057_PLT_7.fastq.sam,z0044056,NA
z0044059_Mnov_GTseek_027_059_PLT_7.fastq.sam,z0044059,NA
z0044064_Mnov_GTseek_027_061_PLT_7.fastq.sam,z0044064,NA
z0044074_Mnov_GTseek_027_063_PLT_7.fastq.sam,z0044074,NA
z0044432_Mnov_GTseek_027_065_PLT_7.fastq.sam,z0044432,NA
z0045317_Mnov_GTseek_027_067_PLT_7.fastq.sam,z0045317,NA
z0045326_Mnov_GTseek_022_144_PLT_2.fastq.sam,z0045326,NA
z0045329_Mnov_GTseek_022_146_PLT_2.fastq.sam,z0045329,NA
z0045331_Mnov_GTseek_022_032_PLT_2.fastq.sam,z0045331,NA
z0045332_Mnov_GTseek_022_148_PLT_2.fastq.sam,z0045332,NA
z0045332_Mnov_GTseek_022_190_PLT_2.fastq.sam,z0045332,NA
z0045333_Mnov_GTseek_027_069_PLT_7.fastq.sam,z0045333,NA
z0045337_Mnov_GTseek_022_150_PLT_2.fastq.sam,z0045337,NA
z0045342_Mnov_GTseek_022_034_PLT_2.fastq.sam,z0045342,NA
z0045344_Mnov_GTseek_027_071_PLT_7.fastq.sam,z0045344,NA
z0045347_Mnov_GTseek_022_036_PLT_2.fastq.sam,z0045347,NA
z0045350_Mnov_GTseek_027_073_PLT_7.fastq.sam,z0045350,NA
z0045352_Mnov_GTseek_022_038_PLT_2.fastq.sam,z0045352,NA
z0045357_Mnov_GTseek_022_152_PLT_2.fastq.sam,z0045357,NA
z0045358_Mnov_GTseek_022_154_PLT_2.fastq.sam,z0045358,NA
z0045371_Mnov_GTseek_022_040_PLT_2.fastq.sam,z0045371,NA
z0045398_Mnov_GTseek_022_042_PLT_2.fastq.sam,z0045398,NA
z0045398_Mnov_GTseek_022_176_PLT_2.fastq.sam,z0045398,NA
z0045399_Mnov_GTseek_022_044_PLT_2.fastq.sam,z0045399,NA
z0045401_Mnov_GTseek_022_046_PLT_2.fastq.sam,z0045401,NA
z0045404_Mnov_GTseek_027_075_PLT_7.fastq.sam,z0045404,NA
z0045405_Mnov_GTseek_022_048_PLT_2.fastq.sam,z0045405,NA
z0045407_Mnov_GTseek_022_050_PLT_2.fastq.sam,z0045407,NA
z0045710_Mnov_GTseek_027_077_PLT_7.fastq.sam,z0045710,NA
z0045719_Mnov_GTseek_027_079_PLT_7.fastq.sam,z0045719,NA
z0045719_Mnov_GTseek_027_179_PLT_7.fastq.sam,z0045719,NA
z0045720_Mnov_GTseek_027_081_PLT_7.fastq.sam,z0045720,NA
z0045728_Mnov_GTseek_027_083_PLT_7.fastq.sam,z0045728,NA
z0045731_Mnov_GTseek_027_085_PLT_7.fastq.sam,z0045731,NA
z0045731_Mnov_GTseek_027_181_PLT_7.fastq.sam,z0045731,NA
z0045733_Mnov_GTseek_027_087_PLT_7.fastq.sam,z0045733,NA
z0045736_Mnov_GTseek_027_089_PLT_7.fastq.sam,z0045736,NA
z0045739_Mnov_GTseek_027_091_PLT_7.fastq.sam,z0045739,NA
z0045740_Mnov_GTseek_027_093_PLT_7.fastq.sam,z0045740,NA
z0045741_Mnov_GTseek_027_095_PLT_7.fastq.sam,z0045741,NA
z0045742_Mnov_GTseek_027_097_PLT_7.fastq.sam,z0045742,NA
z0045776_Mnov_GTseek_027_099_PLT_7.fastq.sam,z0045776,NA
z0045779_Mnov_GTseek_027_101_PLT_7.fastq.sam,z0045779,NA
z0045781_Mnov_GTseek_027_103_PLT_7.fastq.sam,z0045781,NA
z0045788_Mnov_GTseek_027_105_PLT_7.fastq.sam,z0045788,NA
z0045788_Mnov_GTseek_027_183_PLT_7.fastq.sam,z0045788,NA
z0045789_Mnov_GTseek_027_107_PLT_7.fastq.sam,z0045789,NA
z0045791_Mnov_GTseek_027_109_PLT_7.fastq.sam,z0045791,NA
z0045792_Mnov_GTseek_022_052_PLT_2.fastq.sam,z0045792,NA
z0045793_Mnov_GTseek_022_156_PLT_2.fastq.sam,z0045793,NA
z0046923_Mnov_GTseek_027_111_PLT_7.fastq.sam,z0046923,NA
z0046925_Mnov_GTseek_027_113_PLT_7.fastq.sam,z0046925,NA
z0046927_Mnov_GTseek_027_115_PLT_7.fastq.sam,z0046927,NA
z0046929_Mnov_GTseek_027_117_PLT_7.fastq.sam,z0046929,NA
z0046934_Mnov_GTseek_027_119_PLT_7.fastq.sam,z0046934,NA
z0047601_Mnov_GTseek_027_121_PLT_7.fastq.sam,z0047601,NA
z0047602_Mnov_GTseek_029_023_PLT_9.fastq.sam,z0047602,NA
z0047603_Mnov_GTseek_029_025_PLT_9.fastq.sam,z0047603,NA
z0047613_Mnov_GTseek_029_027_PLT_9.fastq.sam,z0047613,NA
z0049019_Mnov_GTseek_022_158_PLT_2.fastq.sam,z0049019,NA
z0049020_Mnov_GTseek_022_160_PLT_2.fastq.sam,z0049020,NA
z0051185_Mnov_GTseek_027_123_PLT_7.fastq.sam,z0051185,NA
z0051185_Mnov_GTseek_027_185_PLT_7.fastq.sam,z0051185,NA
z0051324_Mnov_GTseek_022_054_PLT_2.fastq.sam,z0051324,NA
z0051326_Mnov_GTseek_027_125_PLT_7.fastq.sam,z0051326,NA
z0051328_Mnov_GTseek_027_127_PLT_7.fastq.sam,z0051328,NA
z0051380_Mnov_GTseek_022_056_PLT_2.fastq.sam,z0051380,NA
z0051380_Mnov_GTseek_022_178_PLT_2.fastq.sam,z0051380,NA
z0051381_Mnov_GTseek_022_058_PLT_2.fastq.sam,z0051381,NA
z0051399_Mnov_GTseek_027_129_PLT_7.fastq.sam,z0051399,NA
z0051400_Mnov_GTseek_022_162_PLT_2.fastq.sam,z0051400,NA
z0051400_Mnov_GTseek_022_192_PLT_2.fastq.sam,z0051400,NA
z0051402_Mnov_GTseek_022_164_PLT_2.fastq.sam,z0051402,NA
z0051404_Mnov_GTseek_027_131_PLT_7.fastq.sam,z0051404,NA
z0051405_Mnov_GTseek_027_133_PLT_7.fastq.sam,z0051405,NA
z0051428_Mnov_GTseek_022_166_PLT_2.fastq.sam,z0051428,NA
z0051447_Mnov_GTseek_022_060_PLT_2.fastq.sam,z0051447,NA
z0051816_Mnov_GTseek_027_135_PLT_7.fastq.sam,z0051816,NA
z0051844_Mnov_GTseek_027_137_PLT_7.fastq.sam,z0051844,NA
z0051875_Mnov_GTseek_022_062_PLT_2.fastq.sam,z0051875,NA
z0051879_Mnov_GTseek_022_064_PLT_2.fastq.sam,z0051879,NA
z0051885_Mnov_GTseek_022_066_PLT_2.fastq.sam,z0051885,NA
z0051888_Mnov_GTseek_027_139_PLT_7.fastq.sam,z0051888,NA
z0051891_Mnov_GTseek_027_141_PLT_7.fastq.sam,z0051891,NA
z0051893_Mnov_GTseek_022_168_PLT_2.fastq.sam,z0051893,NA
z0051895_Mnov_GTseek_022_068_PLT_2.fastq.sam,z0051895,NA
z0051898_Mnov_GTseek_027_143_PLT_7.fastq.sam,z0051898,NA
z0051899_Mnov_GTseek_022_070_PLT_2.fastq.sam,z0051899,NA
z0051906_Mnov_GTseek_022_072_PLT_2.fastq.sam,z0051906,NA
z0051918_Mnov_GTseek_022_074_PLT_2.fastq.sam,z0051918,NA
z0051929_Mnov_GTseek_022_076_PLT_2.fastq.sam,z0051929,NA
z0051932_Mnov_GTseek_022_078_PLT_2.fastq.sam,z0051932,NA
z0051939_Mnov_GTseek_027_145_PLT_7.fastq.sam,z0051939,NA
z0051945_Mnov_GTseek_027_147_PLT_7.fastq.sam,z0051945,NA
z0051945_Mnov_GTseek_027_187_PLT_7.fastq.sam,z0051945,NA
z0051947_Mnov_GTseek_022_170_PLT_2.fastq.sam,z0051947,NA
z0051959_Mnov_GTseek_027_149_PLT_7.fastq.sam,z0051959,NA
z0051966_Mnov_GTseek_022_080_PLT_2.fastq.sam,z0051966,NA
z0051966_Mnov_GTseek_022_180_PLT_2.fastq.sam,z0051966,NA
z0051968_Mnov_GTseek_022_082_PLT_2.fastq.sam,z0051968,NA
z0052846_Mnov_GTseek_027_151_PLT_7.fastq.sam,z0052846,NA
z0052846_Mnov_GTseek_027_189_PLT_7.fastq.sam,z0052846,NA
z0052882_Mnov_GTseek_027_153_PLT_7.fastq.sam,z0052882,NA
z0053021_Mnov_GTseek_027_155_PLT_7.fastq.sam,z0053021,NA
z0053038_Mnov_GTseek_027_157_PLT_7.fastq.sam,z0053038,NA
z0053051_Mnov_GTseek_027_159_PLT_7.fastq.sam,z0053051,NA
z0053054_Mnov_GTseek_022_084_PLT_2.fastq.sam,z0053054,NA
z0053055_Mnov_GTseek_022_086_PLT_2.fastq.sam,z0053055,NA
z0053055_Mnov_GTseek_022_182_PLT_2.fastq.sam,z0053055,NA
z0053073_Mnov_GTseek_027_161_PLT_7.fastq.sam,z0053073,NA
z0053078_Mnov_GTseek_027_163_PLT_7.fastq.sam,z0053078,NA
z0053078_Mnov_GTseek_027_191_PLT_7.fastq.sam,z0053078,NA
z0053097_Mnov_GTseek_027_165_PLT_7.fastq.sam,z0053097,NA
z0053103_Mnov_GTseek_027_167_PLT_7.fastq.sam,z0053103,NA
z0053132_Mnov_GTseek_027_169_PLT_7.fastq.sam,z0053132,NA
z0053754_Mnov_GTseek_023_002_PLT_3.fastq.sam,z0053754,NA
z0053756_Mnov_GTseek_022_088_PLT_2.fastq.sam,z0053756,NA
z0053757_Mnov_GTseek_022_090_PLT_2.fastq.sam,z0053757,NA
z0053758_Mnov_GTseek_022_092_PLT_2.fastq.sam,z0053758,NA
z0053759_Mnov_GTseek_023_004_PLT_3.fastq.sam,z0053759,NA
z0053759_Mnov_GTseek_023_172_PLT_3.fastq.sam,z0053759,NA
z0053842_Mnov_GTseek_022_094_PLT_2.fastq.sam,z0053842,NA
z0053843_Mnov_GTseek_022_096_PLT_2.fastq.sam,z0053843,NA
z0053844_Mnov_GTseek_023_006_PLT_3.fastq.sam,z0053844,NA
z0053845_Mnov_GTseek_022_098_PLT_2.fastq.sam,z0053845,NA
z0053849_Mnov_GTseek_023_008_PLT_3.fastq.sam,z0053849,NA
z0055884_Mnov_GTseek_029_049_PLT_9.fastq.sam,z0055884,NA
z0055895_Mnov_GTseek_029_083_PLT_9.fastq.sam,z0055895,NA
z0055896_Mnov_GTseek_029_051_PLT_9.fastq.sam,z0055896,NA
z0055903_Mnov_GTseek_028_001_PLT_8.fastq.sam,z0055903,NA
z0055908_Mnov_GTseek_028_003_PLT_8.fastq.sam,z0055908,NA
z0055909_Mnov_GTseek_029_053_PLT_9.fastq.sam,z0055909,NA
z0055910_Mnov_GTseek_029_105_PLT_9.fastq.sam,z0055910,NA
z0055910_Mnov_GTseek_029_183_PLT_9.fastq.sam,z0055910,NA
z0055912_Mnov_GTseek_028_005_PLT_8.fastq.sam,z0055912,NA
z0055912_Mnov_GTseek_028_145_PLT_8.fastq.sam,z0055912,NA
z0055915_Mnov_GTseek_029_057_PLT_9.fastq.sam,z0055915,NA
z0055916_Mnov_GTseek_028_007_PLT_8.fastq.sam,z0055916,NA
z0055928_Mnov_GTseek_029_107_PLT_9.fastq.sam,z0055928,NA
z0055931_Mnov_GTseek_028_009_PLT_8.fastq.sam,z0055931,NA
z0055932_Mnov_GTseek_029_061_PLT_9.fastq.sam,z0055932,NA
z0055936_Mnov_GTseek_029_113_PLT_9.fastq.sam,z0055936,NA
z0055944_Mnov_GTseek_028_011_PLT_8.fastq.sam,z0055944,NA
z0055945_Mnov_GTseek_029_043_PLT_9.fastq.sam,z0055945,NA
z0055947_Mnov_GTseek_029_093_PLT_9.fastq.sam,z0055947,NA
z0055947_Mnov_GTseek_029_181_PLT_9.fastq.sam,z0055947,NA
z0055948_Mnov_GTseek_029_097_PLT_9.fastq.sam,z0055948,NA
z0055957_Mnov_GTseek_029_109_PLT_9.fastq.sam,z0055957,NA
z0055959_Mnov_GTseek_029_103_PLT_9.fastq.sam,z0055959,NA
z0055962_Mnov_GTseek_028_013_PLT_8.fastq.sam,z0055962,NA
z0055963_Mnov_GTseek_029_087_PLT_9.fastq.sam,z0055963,NA
z0055965_Mnov_GTseek_029_115_PLT_9.fastq.sam,z0055965,NA
z0055965_Mnov_GTseek_029_185_PLT_9.fastq.sam,z0055965,NA
z0055970_Mnov_GTseek_029_091_PLT_9.fastq.sam,z0055970,NA
z0055971_Mnov_GTseek_028_015_PLT_8.fastq.sam,z0055971,NA
z0055977_Mnov_GTseek_028_017_PLT_8.fastq.sam,z0055977,NA
z0055986_Mnov_GTseek_029_085_PLT_9.fastq.sam,z0055986,NA
z0055990_Mnov_GTseek_029_099_PLT_9.fastq.sam,z0055990,NA
z0055999_Mnov_GTseek_028_019_PLT_8.fastq.sam,z0055999,NA
z0056001_Mnov_GTseek_029_089_PLT_9.fastq.sam,z0056001,NA
z0056010_Mnov_GTseek_029_095_PLT_9.fastq.sam,z0056010,NA
z0056011_Mnov_GTseek_029_117_PLT_9.fastq.sam,z0056011,NA
z0056012_Mnov_GTseek_029_111_PLT_9.fastq.sam,z0056012,NA
z0056020_Mnov_GTseek_028_021_PLT_8.fastq.sam,z0056020,NA
z0056029_Mnov_GTseek_029_119_PLT_9.fastq.sam,z0056029,NA
z0056044_Mnov_GTseek_029_121_PLT_9.fastq.sam,z0056044,NA
z0056052_Mnov_GTseek_029_047_PLT_9.fastq.sam,z0056052,NA
z0056056_Mnov_GTseek_029_065_PLT_9.fastq.sam,z0056056,NA
z0056058_Mnov_GTseek_029_067_PLT_9.fastq.sam,z0056058,NA
z0056059_Mnov_GTseek_029_069_PLT_9.fastq.sam,z0056059,NA
z0056062_Mnov_GTseek_029_123_PLT_9.fastq.sam,z0056062,NA
z0056063_Mnov_GTseek_029_125_PLT_9.fastq.sam,z0056063,NA
z0056064_Mnov_GTseek_029_127_PLT_9.fastq.sam,z0056064,NA
z0056065_Mnov_GTseek_029_129_PLT_9.fastq.sam,z0056065,NA
z0056066_Mnov_GTseek_029_131_PLT_9.fastq.sam,z0056066,NA
z0056069_Mnov_GTseek_029_133_PLT_9.fastq.sam,z0056069,NA
z0056070_Mnov_GTseek_023_010_PLT_3.fastq.sam,z0056070,NA
z0056072_Mnov_GTseek_029_071_PLT_9.fastq.sam,z0056072,NA
z0056073_Mnov_GTseek_029_073_PLT_9.fastq.sam,z0056073,NA
z0056073_Mnov_GTseek_029_179_PLT_9.fastq.sam,z0056073,NA
z0056074_Mnov_GTseek_029_075_PLT_9.fastq.sam,z0056074,NA
z0056076_Mnov_GTseek_029_135_PLT_9.fastq.sam,z0056076,NA
z0056079_Mnov_GTseek_029_147_PLT_9.fastq.sam,z0056079,NA
z0056079_Mnov_GTseek_029_189_PLT_9.fastq.sam,z0056079,NA
z0056081_Mnov_GTseek_029_077_PLT_9.fastq.sam,z0056081,NA
z0056082_Mnov_GTseek_029_081_PLT_9.fastq.sam,z0056082,NA
z0056083_Mnov_GTseek_029_079_PLT_9.fastq.sam,z0056083,NA
z0056085_Mnov_GTseek_029_137_PLT_9.fastq.sam,z0056085,NA
z0056089_Mnov_GTseek_029_045_PLT_9.fastq.sam,z0056089,NA
z0056090_Mnov_GTseek_029_139_PLT_9.fastq.sam,z0056090,NA
z0056092_Mnov_GTseek_029_029_PLT_9.fastq.sam,z0056092,NA
z0056093_Mnov_GTseek_029_141_PLT_9.fastq.sam,z0056093,NA
z0056095_Mnov_GTseek_029_143_PLT_9.fastq.sam,z0056095,NA
z0056095_Mnov_GTseek_029_187_PLT_9.fastq.sam,z0056095,NA
z0056100_Mnov_GTseek_029_145_PLT_9.fastq.sam,z0056100,NA
z0056102_Mnov_GTseek_029_149_PLT_9.fastq.sam,z0056102,NA
z0056103_Mnov_GTseek_029_151_PLT_9.fastq.sam,z0056103,NA
z0056104_Mnov_GTseek_029_153_PLT_9.fastq.sam,z0056104,NA
z0056106_Mnov_GTseek_029_055_PLT_9.fastq.sam,z0056106,NA
z0056106_Mnov_GTseek_029_177_PLT_9.fastq.sam,z0056106,NA
z0056110_Mnov_GTseek_029_059_PLT_9.fastq.sam,z0056110,NA
z0056111_Mnov_GTseek_029_063_PLT_9.fastq.sam,z0056111,NA
z0056337_Mnov_GTseek_029_101_PLT_9.fastq.sam,z0056337,NA
z0056374_Mnov_GTseek_023_012_PLT_3.fastq.sam,z0056374,NA
z0056375_Mnov_GTseek_028_023_PLT_8.fastq.sam,z0056375,NA
z0056377_Mnov_GTseek_023_014_PLT_3.fastq.sam,z0056377,NA
z0056378_Mnov_GTseek_023_016_PLT_3.fastq.sam,z0056378,NA
z0056380_Mnov_GTseek_022_100_PLT_2.fastq.sam,z0056380,NA
z0056382_Mnov_GTseek_023_018_PLT_3.fastq.sam,z0056382,NA
z0056384_Mnov_GTseek_022_102_PLT_2.fastq.sam,z0056384,NA
z0056386_Mnov_GTseek_022_104_PLT_2.fastq.sam,z0056386,NA
z0056392_Mnov_GTseek_022_106_PLT_2.fastq.sam,z0056392,NA
z0056392_Mnov_GTseek_022_184_PLT_2.fastq.sam,z0056392,NA
z0056393_Mnov_GTseek_022_108_PLT_2.fastq.sam,z0056393,NA
z0056394_Mnov_GTseek_023_020_PLT_3.fastq.sam,z0056394,NA
z0056395_Mnov_GTseek_023_022_PLT_3.fastq.sam,z0056395,NA
z0056396_Mnov_GTseek_022_110_PLT_2.fastq.sam,z0056396,NA
z0056397_Mnov_GTseek_023_024_PLT_3.fastq.sam,z0056397,NA
z0056399_Mnov_GTseek_023_026_PLT_3.fastq.sam,z0056399,NA
z0061527_Mnov_GTseek_028_025_PLT_8.fastq.sam,z0061527,NA
z0061967_Mnov_GTseek_023_028_PLT_3.fastq.sam,z0061967,NA
z0061969_Mnov_GTseek_022_112_PLT_2.fastq.sam,z0061969,NA
z0061971_Mnov_GTseek_028_027_PLT_8.fastq.sam,z0061971,NA
z0061973_Mnov_GTseek_022_114_PLT_2.fastq.sam,z0061973,NA
z0061976_Mnov_GTseek_022_116_PLT_2.fastq.sam,z0061976,NA
z0061978_Mnov_GTseek_022_118_PLT_2.fastq.sam,z0061978,NA
z0061980_Mnov_GTseek_028_029_PLT_8.fastq.sam,z0061980,NA
z0061980_Mnov_GTseek_028_147_PLT_8.fastq.sam,z0061980,NA
z0061982_Mnov_GTseek_028_031_PLT_8.fastq.sam,z0061982,NA
z0062886_Mnov_GTseek_028_123_PLT_8.fastq.sam,z0062886,NA
z0062886_Mnov_GTseek_028_155_PLT_8.fastq.sam,z0062886,NA
z0063092_Mnov_GTseek_028_033_PLT_8.fastq.sam,z0063092,NA
z0063304_Mnov_GTseek_028_035_PLT_8.fastq.sam,z0063304,NA
z0063304_Mnov_GTseek_028_149_PLT_8.fastq.sam,z0063304,NA
z0066166_Mnov_GTseek_023_030_PLT_3.fastq.sam,z0066166,NA
z0067213_Mnov_GTseek_028_125_PLT_8.fastq.sam,z0067213,NA
z0068471_Mnov_GTseek_023_032_PLT_3.fastq.sam,z0068471,NA
z0068471_Mnov_GTseek_023_174_PLT_3.fastq.sam,z0068471,NA
z0068566_Mnov_GTseek_023_034_PLT_3.fastq.sam,z0068566,NA
z0075691_Mnov_GTseek_028_037_PLT_8.fastq.sam,z0075691,NA
z0100814_Mnov_GTseek_028_137_PLT_8.fastq.sam,z0100814,NA
z0101084_Mnov_GTseek_023_036_PLT_3.fastq.sam,z0101084,NA
z0101085_Mnov_GTseek_022_120_PLT_2.fastq.sam,z0101085,NA
z0101101_Mnov_GTseek_022_122_PLT_2.fastq.sam,z0101101,NA
z0107055_Mnov_GTseek_029_031_PLT_9.fastq.sam,z0107055,NA
z0107073_Mnov_GTseek_029_033_PLT_9.fastq.sam,z0107073,NA
z0107078_Mnov_GTseek_029_035_PLT_9.fastq.sam,z0107078,NA
z0107080_Mnov_GTseek_029_037_PLT_9.fastq.sam,z0107080,NA
z0107080_Mnov_GTseek_029_175_PLT_9.fastq.sam,z0107080,NA
z0107099_Mnov_GTseek_028_039_PLT_8.fastq.sam,z0107099,NA
z0107101_Mnov_GTseek_028_041_PLT_8.fastq.sam,z0107101,NA
z0108473_Mnov_GTseek_023_038_PLT_3.fastq.sam,z0108473,NA
z0108480_Mnov_GTseek_023_040_PLT_3.fastq.sam,z0108480,NA
z0108489_Mnov_GTseek_028_043_PLT_8.fastq.sam,z0108489,NA
z0108494_Mnov_GTseek_022_124_PLT_2.fastq.sam,z0108494,NA
z0108508_Mnov_GTseek_023_042_PLT_3.fastq.sam,z0108508,NA
z0108510_Mnov_GTseek_029_039_PLT_9.fastq.sam,z0108510,NA
z0108513_Mnov_GTseek_022_126_PLT_2.fastq.sam,z0108513,NA
z0108513_Mnov_GTseek_022_186_PLT_2.fastq.sam,z0108513,NA
z0108516_Mnov_GTseek_022_128_PLT_2.fastq.sam,z0108516,NA
z0113607_Mnov_GTseek_028_045_PLT_8.fastq.sam,z0113607,NA
z0113619_Mnov_GTseek_028_047_PLT_8.fastq.sam,z0113619,NA
z0113620_Mnov_GTseek_028_049_PLT_8.fastq.sam,z0113620,NA
z0113628_Mnov_GTseek_028_051_PLT_8.fastq.sam,z0113628,NA
z0117063_Mnov_GTseek_029_161_PLT_9.fastq.sam,z0117063,NA
z0133302_Mnov_GTseek_023_044_PLT_3.fastq.sam,z0133302,NA
z0143977_Mnov_GTseek_029_169_PLT_9.fastq.sam,z0143977,NA
z0145207_Mnov_GTseek_028_053_PLT_8.fastq.sam,z0145207,NA
z0145401_Mnov_GTseek_028_127_PLT_8.fastq.sam,z0145401,NA
z0146081_Mnov_GTseek_028_055_PLT_8.fastq.sam,z0146081,NA
z0146087_Mnov_GTseek_028_057_PLT_8.fastq.sam,z0146087,NA
z0146094_Mnov_GTseek_028_059_PLT_8.fastq.sam,z0146094,NA
z0160234_Mnov_GTseek_028_141_PLT_8.fastq.sam,z0160234,NA
z0173485_Mnov_GTseek_023_046_PLT_3.fastq.sam,z0173485,NA
z0173485_Mnov_GTseek_023_176_PLT_3.fastq.sam,z0173485,NA
z0174005_Mnov_GTseek_028_061_PLT_8.fastq.sam,z0174005,NA
z0175351_Mnov_GTseek_028_063_PLT_8.fastq.sam,z0175351,NA
z0175354_Mnov_GTseek_028_065_PLT_8.fastq.sam,z0175354,NA
z0175364_Mnov_GTseek_022_130_PLT_2.fastq.sam,z0175364,NA
z0175371_Mnov_GTseek_022_132_PLT_2.fastq.sam,z0175371,NA
z0175377_Mnov_GTseek_028_067_PLT_8.fastq.sam,z0175377,NA
z0175378_Mnov_GTseek_028_069_PLT_8.fastq.sam,z0175378,NA
z0175381_Mnov_GTseek_028_071_PLT_8.fastq.sam,z0175381,NA
z0175912_Mnov_GTseek_028_073_PLT_8.fastq.sam,z0175912,NA
z0175914_Mnov_GTseek_028_075_PLT_8.fastq.sam,z0175914,NA
z0175914_Mnov_GTseek_028_151_PLT_8.fastq.sam,z0175914,NA
z0175915_Mnov_GTseek_028_077_PLT_8.fastq.sam,z0175915,NA
z0175916_Mnov_GTseek_028_079_PLT_8.fastq.sam,z0175916,NA
z0175927_Mnov_GTseek_028_081_PLT_8.fastq.sam,z0175927,NA
z0175928_Mnov_GTseek_028_083_PLT_8.fastq.sam,z0175928,NA
z0175930_Mnov_GTseek_028_085_PLT_8.fastq.sam,z0175930,NA
z0175937_Mnov_GTseek_028_087_PLT_8.fastq.sam,z0175937,NA
z0175950_Mnov_GTseek_023_048_PLT_3.fastq.sam,z0175950,NA
z0178294_Mnov_GTseek_023_050_PLT_3.fastq.sam,z0178294,NA
z0178296_Mnov_GTseek_023_052_PLT_3.fastq.sam,z0178296,NA
z0178296_Mnov_GTseek_023_178_PLT_3.fastq.sam,z0178296,NA
z0178305_Mnov_GTseek_023_054_PLT_3.fastq.sam,z0178305,NA
z0178348_Mnov_GTseek_028_089_PLT_8.fastq.sam,z0178348,NA
z0187811_Mnov_GTseek_028_091_PLT_8.fastq.sam,z0187811,NA
z0187811_Mnov_GTseek_028_153_PLT_8.fastq.sam,z0187811,NA
z0187819_Mnov_GTseek_028_093_PLT_8.fastq.sam,z0187819,NA
z0187837_Mnov_GTseek_028_095_PLT_8.fastq.sam,z0187837,NA
z0187842_Mnov_GTseek_028_097_PLT_8.fastq.sam,z0187842,NA
z0187846_Mnov_GTseek_028_099_PLT_8.fastq.sam,z0187846,NA
z0187857_Mnov_GTseek_028_101_PLT_8.fastq.sam,z0187857,NA
z0187859_Mnov_GTseek_028_103_PLT_8.fastq.sam,z0187859,NA
z0187860_Mnov_GTseek_028_105_PLT_8.fastq.sam,z0187860,NA
z0187868_Mnov_GTseek_028_107_PLT_8.fastq.sam,z0187868,NA
z0187885_Mnov_GTseek_028_109_PLT_8.fastq.sam,z0187885,NA
z0187906_Mnov_GTseek_028_111_PLT_8.fastq.sam,z0187906,NA
z0195258_Mnov_GTseek_023_072_PLT_3.fastq.sam,z0195258,NA
z0195642_Mnov_GTseek_023_074_PLT_3.fastq.sam,z0195642,NA
z0195643_Mnov_GTseek_023_076_PLT_3.fastq.sam,z0195643,NA
z0195644_Mnov_GTseek_023_078_PLT_3.fastq.sam,z0195644,NA
z0195644_Mnov_GTseek_023_180_PLT_3.fastq.sam,z0195644,NA
z0195645_Mnov_GTseek_023_080_PLT_3.fastq.sam,z0195645,NA
z0195646_Mnov_GTseek_023_082_PLT_3.fastq.sam,z0195646,NA
z0195647_Mnov_GTseek_023_084_PLT_3.fastq.sam,z0195647,NA
z0195648_Mnov_GTseek_023_086_PLT_3.fastq.sam,z0195648,NA
z0195648_Mnov_GTseek_023_182_PLT_3.fastq.sam,z0195648,NA
z0195650_Mnov_GTseek_023_088_PLT_3.fastq.sam,z0195650,NA
z0195651_Mnov_GTseek_023_090_PLT_3.fastq.sam,z0195651,NA
z0195653_Mnov_GTseek_023_092_PLT_3.fastq.sam,z0195653,NA
z0195656_Mnov_GTseek_023_094_PLT_3.fastq.sam,z0195656,NA
z0195657_Mnov_GTseek_023_096_PLT_3.fastq.sam,z0195657,NA
z0195658_Mnov_GTseek_023_098_PLT_3.fastq.sam,z0195658,NA
z0195659_Mnov_GTseek_023_100_PLT_3.fastq.sam,z0195659,NA
z0195660_Mnov_GTseek_023_102_PLT_3.fastq.sam,z0195660,NA
z0195661_Mnov_GTseek_023_104_PLT_3.fastq.sam,z0195661,NA
z0195662_Mnov_GTseek_023_106_PLT_3.fastq.sam,z0195662,NA
z0195662_Mnov_GTseek_023_184_PLT_3.fastq.sam,z0195662,NA
z0195664_Mnov_GTseek_023_108_PLT_3.fastq.sam,z0195664,NA
z0195665_Mnov_GTseek_023_110_PLT_3.fastq.sam,z0195665,NA
z0195667_Mnov_GTseek_023_112_PLT_3.fastq.sam,z0195667,NA
z0195668_Mnov_GTseek_023_114_PLT_3.fastq.sam,z0195668,NA
z0195669_Mnov_GTseek_023_116_PLT_3.fastq.sam,z0195669,NA
z0195670_Mnov_GTseek_023_118_PLT_3.fastq.sam,z0195670,NA
z0195671_Mnov_GTseek_023_120_PLT_3.fastq.sam,z0195671,NA
z0195672_Mnov_GTseek_023_122_PLT_3.fastq.sam,z0195672,NA
z0195673_Mnov_GTseek_023_124_PLT_3.fastq.sam,z0195673,NA
z0195674_Mnov_GTseek_023_126_PLT_3.fastq.sam,z0195674,NA
z0195674_Mnov_GTseek_023_186_PLT_3.fastq.sam,z0195674,NA
z0195675_Mnov_GTseek_023_128_PLT_3.fastq.sam,z0195675,NA
z0195677_Mnov_GTseek_023_130_PLT_3.fastq.sam,z0195677,NA
z0195677_Mnov_GTseek_023_188_PLT_3.fastq.sam,z0195677,NA
z0195678_Mnov_GTseek_023_132_PLT_3.fastq.sam,z0195678,NA
z0195679_Mnov_GTseek_023_134_PLT_3.fastq.sam,z0195679,NA
z0195680_Mnov_GTseek_023_136_PLT_3.fastq.sam,z0195680,NA
z0195681_Mnov_GTseek_023_138_PLT_3.fastq.sam,z0195681,NA
z0195682_Mnov_GTseek_023_140_PLT_3.fastq.sam,z0195682,NA
z0195684_Mnov_GTseek_023_142_PLT_3.fastq.sam,z0195684,NA
z0195685_Mnov_GTseek_023_144_PLT_3.fastq.sam,z0195685,NA
z0195686_Mnov_GTseek_023_146_PLT_3.fastq.sam,z0195686,NA
z0195687_Mnov_GTseek_023_148_PLT_3.fastq.sam,z0195687,NA
z0195689_Mnov_GTseek_023_150_PLT_3.fastq.sam,z0195689,NA
z0195690_Mnov_GTseek_023_152_PLT_3.fastq.sam,z0195690,NA
z0195693_Mnov_GTseek_023_154_PLT_3.fastq.sam,z0195693,NA
z0195694_Mnov_GTseek_023_156_PLT_3.fastq.sam,z0195694,NA
z0195695_Mnov_GTseek_023_158_PLT_3.fastq.sam,z0195695,NA
z0195696_Mnov_GTseek_023_160_PLT_3.fastq.sam,z0195696,NA
z0195696_Mnov_GTseek_023_190_PLT_3.fastq.sam,z0195696,NA
z0195697_Mnov_GTseek_023_162_PLT_3.fastq.sam,z0195697,NA
z0195700_Mnov_GTseek_023_164_PLT_3.fastq.sam,z0195700,NA
z0195702_Mnov_GTseek_023_166_PLT_3.fastq.sam,z0195702,NA
z0195703_Mnov_GTseek_023_168_PLT_3.fastq.sam,z0195703,NA
z0195703_Mnov_GTseek_023_192_PLT_3.fastq.sam,z0195703,NA
z0195705_Mnov_GTseek_023_170_PLT_3.fastq.sam,z0195705,NA
z0195706_Mnov_GTseek_024_193_PLT_4.fastq.sam,z0195706,NA
z0195707_Mnov_GTseek_024_195_PLT_4.fastq.sam,z0195707,NA
z0195708_Mnov_GTseek_024_197_PLT_4.fastq.sam,z0195708,NA
z0195708_Mnov_GTseek_024_363_PLT_4.fastq.sam,z0195708,NA
z0195709_Mnov_GTseek_024_199_PLT_4.fastq.sam,z0195709,NA
z0195710_Mnov_GTseek_024_201_PLT_4.fastq.sam,z0195710,NA
z0195711_Mnov_GTseek_024_203_PLT_4.fastq.sam,z0195711,NA
z0195712_Mnov_GTseek_024_205_PLT_4.fastq.sam,z0195712,NA
z0195713_Mnov_GTseek_024_207_PLT_4.fastq.sam,z0195713,NA
z0195714_Mnov_GTseek_024_209_PLT_4.fastq.sam,z0195714,NA
z0195715_Mnov_GTseek_024_211_PLT_4.fastq.sam,z0195715,NA
z0195716_Mnov_GTseek_024_213_PLT_4.fastq.sam,z0195716,NA
z0195717_Mnov_GTseek_024_215_PLT_4.fastq.sam,z0195717,NA
z0195718_Mnov_GTseek_024_217_PLT_4.fastq.sam,z0195718,NA
z0195720_Mnov_GTseek_024_219_PLT_4.fastq.sam,z0195720,NA
z0195720_Mnov_GTseek_024_365_PLT_4.fastq.sam,z0195720,NA
z0195721_Mnov_GTseek_024_221_PLT_4.fastq.sam,z0195721,NA
z0195722_Mnov_GTseek_024_223_PLT_4.fastq.sam,z0195722,NA
z0195724_Mnov_GTseek_024_225_PLT_4.fastq.sam,z0195724,NA
z0195724_Mnov_GTseek_024_367_PLT_4.fastq.sam,z0195724,NA
z0195725_Mnov_GTseek_024_227_PLT_4.fastq.sam,z0195725,NA
z0195727_Mnov_GTseek_024_229_PLT_4.fastq.sam,z0195727,NA
z0195728_Mnov_GTseek_024_231_PLT_4.fastq.sam,z0195728,NA
z0195729_Mnov_GTseek_024_233_PLT_4.fastq.sam,z0195729,NA
z0195730_Mnov_GTseek_024_235_PLT_4.fastq.sam,z0195730,NA
z0195731_Mnov_GTseek_024_237_PLT_4.fastq.sam,z0195731,NA
z0195732_Mnov_GTseek_024_239_PLT_4.fastq.sam,z0195732,NA
z0195733_Mnov_GTseek_024_241_PLT_4.fastq.sam,z0195733,NA
z0195734_Mnov_GTseek_024_243_PLT_4.fastq.sam,z0195734,NA
z0195735_Mnov_GTseek_024_245_PLT_4.fastq.sam,z0195735,NA
z0195735_Mnov_GTseek_024_369_PLT_4.fastq.sam,z0195735,NA
z0195736_Mnov_GTseek_024_247_PLT_4.fastq.sam,z0195736,NA
z0195737_Mnov_GTseek_024_249_PLT_4.fastq.sam,z0195737,NA
z0195738_Mnov_GTseek_024_251_PLT_4.fastq.sam,z0195738,NA
z0195739_Mnov_GTseek_024_253_PLT_4.fastq.sam,z0195739,NA
z0195740_Mnov_GTseek_024_255_PLT_4.fastq.sam,z0195740,NA
z0195741_Mnov_GTseek_024_257_PLT_4.fastq.sam,z0195741,NA
z0195742_Mnov_GTseek_024_259_PLT_4.fastq.sam,z0195742,NA
z0195743_Mnov_GTseek_024_261_PLT_4.fastq.sam,z0195743,NA
z0195748_Mnov_GTseek_024_263_PLT_4.fastq.sam,z0195748,NA
z0195749_Mnov_GTseek_024_265_PLT_4.fastq.sam,z0195749,NA
z0195750_Mnov_GTseek_024_267_PLT_4.fastq.sam,z0195750,NA
z0195751_Mnov_GTseek_024_269_PLT_4.fastq.sam,z0195751,NA
z0195753_Mnov_GTseek_024_271_PLT_4.fastq.sam,z0195753,NA
z0195753_Mnov_GTseek_024_371_PLT_4.fastq.sam,z0195753,NA
z0195754_Mnov_GTseek_024_273_PLT_4.fastq.sam,z0195754,NA
z0195755_Mnov_GTseek_024_275_PLT_4.fastq.sam,z0195755,NA
z0195756_Mnov_GTseek_024_277_PLT_4.fastq.sam,z0195756,NA
z0195757_Mnov_GTseek_024_279_PLT_4.fastq.sam,z0195757,NA
z0195757_Mnov_GTseek_024_373_PLT_4.fastq.sam,z0195757,NA
z0195758_Mnov_GTseek_024_281_PLT_4.fastq.sam,z0195758,NA
z0195759_Mnov_GTseek_024_283_PLT_4.fastq.sam,z0195759,NA
z0195760_Mnov_GTseek_024_285_PLT_4.fastq.sam,z0195760,NA
z0195761_Mnov_GTseek_024_287_PLT_4.fastq.sam,z0195761,NA
z0195763_Mnov_GTseek_024_289_PLT_4.fastq.sam,z0195763,NA
z0195764_Mnov_GTseek_024_291_PLT_4.fastq.sam,z0195764,NA
z0195766_Mnov_GTseek_024_293_PLT_4.fastq.sam,z0195766,NA
z0195769_Mnov_GTseek_024_295_PLT_4.fastq.sam,z0195769,NA
z0195770_Mnov_GTseek_024_297_PLT_4.fastq.sam,z0195770,NA
z0195770_Mnov_GTseek_024_375_PLT_4.fastq.sam,z0195770,NA
z0195771_Mnov_GTseek_024_299_PLT_4.fastq.sam,z0195771,NA
z0195772_Mnov_GTseek_024_301_PLT_4.fastq.sam,z0195772,NA
z0195773_Mnov_GTseek_024_303_PLT_4.fastq.sam,z0195773,NA
z0195775_Mnov_GTseek_024_305_PLT_4.fastq.sam,z0195775,NA
z0195776_Mnov_GTseek_024_307_PLT_4.fastq.sam,z0195776,NA
z0195777_Mnov_GTseek_024_309_PLT_4.fastq.sam,z0195777,NA
z0195778_Mnov_GTseek_024_311_PLT_4.fastq.sam,z0195778,NA
z0195779_Mnov_GTseek_024_313_PLT_4.fastq.sam,z0195779,NA
z0195780_Mnov_GTseek_024_315_PLT_4.fastq.sam,z0195780,NA
z0195780_Mnov_GTseek_024_377_PLT_4.fastq.sam,z0195780,NA
z0195781_Mnov_GTseek_024_317_PLT_4.fastq.sam,z0195781,NA
z0195782_Mnov_GTseek_024_319_PLT_4.fastq.sam,z0195782,NA
z0195783_Mnov_GTseek_024_321_PLT_4.fastq.sam,z0195783,NA
z0195786_Mnov_GTseek_024_323_PLT_4.fastq.sam,z0195786,NA
z0195787_Mnov_GTseek_024_325_PLT_4.fastq.sam,z0195787,NA
z0195791_Mnov_GTseek_024_327_PLT_4.fastq.sam,z0195791,NA
z0196686_Mnov_GTseek_023_056_PLT_3.fastq.sam,z0196686,NA
z0196687_Mnov_GTseek_023_058_PLT_3.fastq.sam,z0196687,NA
z0196689_Mnov_GTseek_023_060_PLT_3.fastq.sam,z0196689,NA
z0196690_Mnov_GTseek_023_062_PLT_3.fastq.sam,z0196690,NA
z0196691_Mnov_GTseek_023_064_PLT_3.fastq.sam,z0196691,NA
z0196692_Mnov_GTseek_023_066_PLT_3.fastq.sam,z0196692,NA
z0196693_Mnov_GTseek_023_068_PLT_3.fastq.sam,z0196693,NA
z0196694_Mnov_GTseek_023_070_PLT_3.fastq.sam,z0196694,NA
z0196707_Mnov_GTseek_024_329_PLT_4.fastq.sam,z0196707,NA
z0196708_Mnov_GTseek_024_331_PLT_4.fastq.sam,z0196708,NA
z0196709_Mnov_GTseek_024_333_PLT_4.fastq.sam,z0196709,NA
z0196709_Mnov_GTseek_024_379_PLT_4.fastq.sam,z0196709,NA
z0196710_Mnov_GTseek_024_335_PLT_4.fastq.sam,z0196710,NA
z0196711_Mnov_GTseek_024_337_PLT_4.fastq.sam,z0196711,NA
z0196711_Mnov_GTseek_024_381_PLT_4.fastq.sam,z0196711,NA
z0196713_Mnov_GTseek_024_339_PLT_4.fastq.sam,z0196713,NA
z0196714_Mnov_GTseek_024_341_PLT_4.fastq.sam,z0196714,NA
z0196715_Mnov_GTseek_024_343_PLT_4.fastq.sam,z0196715,NA
z0196718_Mnov_GTseek_024_345_PLT_4.fastq.sam,z0196718,NA
z0196721_Mnov_GTseek_024_347_PLT_4.fastq.sam,z0196721,NA
z0196722_Mnov_GTseek_024_349_PLT_4.fastq.sam,z0196722,NA
z0196723_Mnov_GTseek_024_351_PLT_4.fastq.sam,z0196723,NA
z0196724_Mnov_GTseek_024_353_PLT_4.fastq.sam,z0196724,NA
z0196725_Mnov_GTseek_024_355_PLT_4.fastq.sam,z0196725,NA
z0196726_Mnov_GTseek_024_357_PLT_4.fastq.sam,z0196726,NA
z0196727_Mnov_GTseek_024_359_PLT_4.fastq.sam,z0196727,NA
z0196727_Mnov_GTseek_024_383_PLT_4.fastq.sam,z0196727,NA
z0196728_Mnov_GTseek_024_361_PLT_4.fastq.sam,z0196728,NA
z0196731_Mnov_GTseek_025_193_PLT_5.fastq.sam,z0196731,NA
z0196732_Mnov_GTseek_025_195_PLT_5.fastq.sam,z0196732,NA
z0196736_Mnov_GTseek_025_197_PLT_5.fastq.sam,z0196736,NA
z0196736_Mnov_GTseek_025_363_PLT_5.fastq.sam,z0196736,NA
z0196737_Mnov_GTseek_025_199_PLT_5.fastq.sam,z0196737,NA
z0196738_Mnov_GTseek_025_201_PLT_5.fastq.sam,z0196738,NA
z0196739_Mnov_GTseek_025_203_PLT_5.fastq.sam,z0196739,NA
z0196741_Mnov_GTseek_025_205_PLT_5.fastq.sam,z0196741,NA
z0196742_Mnov_GTseek_025_207_PLT_5.fastq.sam,z0196742,NA
z0196743_Mnov_GTseek_025_209_PLT_5.fastq.sam,z0196743,NA
z0196744_Mnov_GTseek_025_211_PLT_5.fastq.sam,z0196744,NA
z0196747_Mnov_GTseek_025_213_PLT_5.fastq.sam,z0196747,NA
z0196748_Mnov_GTseek_025_215_PLT_5.fastq.sam,z0196748,NA
z0196748_Mnov_GTseek_025_365_PLT_5.fastq.sam,z0196748,NA
z0196749_Mnov_GTseek_025_217_PLT_5.fastq.sam,z0196749,NA
z0196750_Mnov_GTseek_025_219_PLT_5.fastq.sam,z0196750,NA
z0196751_Mnov_GTseek_025_221_PLT_5.fastq.sam,z0196751,NA
z0196752_Mnov_GTseek_025_223_PLT_5.fastq.sam,z0196752,NA
z0196753_Mnov_GTseek_025_225_PLT_5.fastq.sam,z0196753,NA
z0196753_Mnov_GTseek_025_367_PLT_5.fastq.sam,z0196753,NA
z0196754_Mnov_GTseek_025_227_PLT_5.fastq.sam,z0196754,NA
z0196755_Mnov_GTseek_025_229_PLT_5.fastq.sam,z0196755,NA
z0196756_Mnov_GTseek_025_231_PLT_5.fastq.sam,z0196756,NA
z0196757_Mnov_GTseek_025_233_PLT_5.fastq.sam,z0196757,NA
z0196758_Mnov_GTseek_025_235_PLT_5.fastq.sam,z0196758,NA
z0196759_Mnov_GTseek_025_237_PLT_5.fastq.sam,z0196759,NA
z0196760_Mnov_GTseek_025_239_PLT_5.fastq.sam,z0196760,NA
z0196761_Mnov_GTseek_025_241_PLT_5.fastq.sam,z0196761,NA
z0196762_Mnov_GTseek_025_243_PLT_5.fastq.sam,z0196762,NA
z0196765_Mnov_GTseek_025_245_PLT_5.fastq.sam,z0196765,NA
z0196766_Mnov_GTseek_025_247_PLT_5.fastq.sam,z0196766,NA
z0196767_Mnov_GTseek_025_249_PLT_5.fastq.sam,z0196767,NA
z0196768_Mnov_GTseek_025_251_PLT_5.fastq.sam,z0196768,NA
z0196769_Mnov_GTseek_025_253_PLT_5.fastq.sam,z0196769,NA
z0196770_Mnov_GTseek_025_255_PLT_5.fastq.sam,z0196770,NA
z0196770_Mnov_GTseek_025_369_PLT_5.fastq.sam,z0196770,NA
z0196772_Mnov_GTseek_025_257_PLT_5.fastq.sam,z0196772,NA
z0196773_Mnov_GTseek_025_259_PLT_5.fastq.sam,z0196773,NA
z0196775_Mnov_GTseek_025_261_PLT_5.fastq.sam,z0196775,NA
z0196777_Mnov_GTseek_025_263_PLT_5.fastq.sam,z0196777,NA
z0196778_Mnov_GTseek_025_265_PLT_5.fastq.sam,z0196778,NA
z0196781_Mnov_GTseek_025_267_PLT_5.fastq.sam,z0196781,NA
z0196792_Mnov_GTseek_025_269_PLT_5.fastq.sam,z0196792,NA
z0196792_Mnov_GTseek_025_371_PLT_5.fastq.sam,z0196792,NA
z0196793_Mnov_GTseek_025_271_PLT_5.fastq.sam,z0196793,NA
z0196795_Mnov_GTseek_025_273_PLT_5.fastq.sam,z0196795,NA
z0196800_Mnov_GTseek_025_275_PLT_5.fastq.sam,z0196800,NA
z0196804_Mnov_GTseek_025_277_PLT_5.fastq.sam,z0196804,NA
z0196805_Mnov_GTseek_025_279_PLT_5.fastq.sam,z0196805,NA
z0196806_Mnov_GTseek_025_281_PLT_5.fastq.sam,z0196806,NA
z0196809_Mnov_GTseek_025_283_PLT_5.fastq.sam,z0196809,NA
z0196809_Mnov_GTseek_025_373_PLT_5.fastq.sam,z0196809,NA
z0196811_Mnov_GTseek_025_285_PLT_5.fastq.sam,z0196811,NA
z0196812_Mnov_GTseek_025_287_PLT_5.fastq.sam,z0196812,NA
z0196822_Mnov_GTseek_025_289_PLT_5.fastq.sam,z0196822,NA
z0196823_Mnov_GTseek_025_291_PLT_5.fastq.sam,z0196823,NA
z0196824_Mnov_GTseek_025_293_PLT_5.fastq.sam,z0196824,NA
z0196825_Mnov_GTseek_025_295_PLT_5.fastq.sam,z0196825,NA
z0196825_Mnov_GTseek_025_375_PLT_5.fastq.sam,z0196825,NA
z0196826_Mnov_GTseek_025_297_PLT_5.fastq.sam,z0196826,NA
z0196829_Mnov_GTseek_025_299_PLT_5.fastq.sam,z0196829,NA
z0196830_Mnov_GTseek_025_301_PLT_5.fastq.sam,z0196830,NA
z0196831_Mnov_GTseek_025_303_PLT_5.fastq.sam,z0196831,NA
z0196832_Mnov_GTseek_025_305_PLT_5.fastq.sam,z0196832,NA
z0196833_Mnov_GTseek_025_307_PLT_5.fastq.sam,z0196833,NA
z0196835_Mnov_GTseek_025_309_PLT_5.fastq.sam,z0196835,NA
z0196839_Mnov_GTseek_025_311_PLT_5.fastq.sam,z0196839,NA
z0196840_Mnov_GTseek_025_313_PLT_5.fastq.sam,z0196840,NA
z0196840_Mnov_GTseek_025_377_PLT_5.fastq.sam,z0196840,NA
z0196841_Mnov_GTseek_025_315_PLT_5.fastq.sam,z0196841,NA
z0196842_Mnov_GTseek_025_317_PLT_5.fastq.sam,z0196842,NA
z0196844_Mnov_GTseek_025_319_PLT_5.fastq.sam,z0196844,NA
z0196845_Mnov_GTseek_025_321_PLT_5.fastq.sam,z0196845,NA
z0196845_Mnov_GTseek_025_379_PLT_5.fastq.sam,z0196845,NA
z0196846_Mnov_GTseek_025_323_PLT_5.fastq.sam,z0196846,NA
z0196847_Mnov_GTseek_025_325_PLT_5.fastq.sam,z0196847,NA
z0196848_Mnov_GTseek_025_327_PLT_5.fastq.sam,z0196848,NA
z0196850_Mnov_GTseek_025_329_PLT_5.fastq.sam,z0196850,NA
z0196851_Mnov_GTseek_025_331_PLT_5.fastq.sam,z0196851,NA
z0196854_Mnov_GTseek_025_333_PLT_5.fastq.sam,z0196854,NA
z0196858_Mnov_GTseek_025_335_PLT_5.fastq.sam,z0196858,NA
z0196859_Mnov_GTseek_025_337_PLT_5.fastq.sam,z0196859,NA
z0196860_Mnov_GTseek_025_339_PLT_5.fastq.sam,z0196860,NA
z0196860_Mnov_GTseek_025_381_PLT_5.fastq.sam,z0196860,NA
z0196861_Mnov_GTseek_025_341_PLT_5.fastq.sam,z0196861,NA
z0196862_Mnov_GTseek_025_343_PLT_5.fastq.sam,z0196862,NA
z0196863_Mnov_GTseek_025_345_PLT_5.fastq.sam,z0196863,NA
z0196864_Mnov_GTseek_025_347_PLT_5.fastq.sam,z0196864,NA
z0196865_Mnov_GTseek_025_349_PLT_5.fastq.sam,z0196865,NA
z0196886_Mnov_GTseek_025_351_PLT_5.fastq.sam,z0196886,NA
z0196887_Mnov_GTseek_025_353_PLT_5.fastq.sam,z0196887,NA
z0196888_Mnov_GTseek_025_355_PLT_5.fastq.sam,z0196888,NA
z0196889_Mnov_GTseek_025_357_PLT_5.fastq.sam,z0196889,NA
z0196890_Mnov_GTseek_025_359_PLT_5.fastq.sam,z0196890,NA
z0196890_Mnov_GTseek_025_383_PLT_5.fastq.sam,z0196890,NA
z0196891_Mnov_GTseek_025_361_PLT_5.fastq.sam,z0196891,NA
z0196892_Mnov_GTseek_026_001_PLT_6.fastq.sam,z0196892,NA
z0196894_Mnov_GTseek_026_003_PLT_6.fastq.sam,z0196894,NA
z0196894_Mnov_GTseek_026_171_PLT_6.fastq.sam,z0196894,NA
z0196895_Mnov_GTseek_026_005_PLT_6.fastq.sam,z0196895,NA
z0197658_Mnov_GTseek_026_007_PLT_6.fastq.sam,z0197658,NA
z0197659_Mnov_GTseek_026_009_PLT_6.fastq.sam,z0197659,NA
z0197660_Mnov_GTseek_026_011_PLT_6.fastq.sam,z0197660,NA
z0197663_Mnov_GTseek_026_013_PLT_6.fastq.sam,z0197663,NA
z0197664_Mnov_GTseek_026_015_PLT_6.fastq.sam,z0197664,NA
z0197666_Mnov_GTseek_026_017_PLT_6.fastq.sam,z0197666,NA
z0197667_Mnov_GTseek_026_019_PLT_6.fastq.sam,z0197667,NA
z0197667_Mnov_GTseek_026_173_PLT_6.fastq.sam,z0197667,NA
z0197668_Mnov_GTseek_026_021_PLT_6.fastq.sam,z0197668,NA
z0197669_Mnov_GTseek_026_023_PLT_6.fastq.sam,z0197669,NA
z0197671_Mnov_GTseek_026_025_PLT_6.fastq.sam,z0197671,NA
z0197672_Mnov_GTseek_026_027_PLT_6.fastq.sam,z0197672,NA
z0197673_Mnov_GTseek_026_029_PLT_6.fastq.sam,z0197673,NA
z0197679_Mnov_GTseek_026_031_PLT_6.fastq.sam,z0197679,NA
z0197682_Mnov_GTseek_026_033_PLT_6.fastq.sam,z0197682,NA
z0207765_Mnov_GTseek_028_113_PLT_8.fastq.sam,z0207765,NA
z0207776_Mnov_GTseek_028_115_PLT_8.fastq.sam,z0207776,NA
z0207777_Mnov_GTseek_028_117_PLT_8.fastq.sam,z0207777,NA
z0207778_Mnov_GTseek_028_119_PLT_8.fastq.sam,z0207778,NA